-- phpMyAdmin SQL Dump
-- version 4.6.6deb5
-- https://www.phpmyadmin.net/
--
-- Host: localhost:3306
-- Generation Time: Oct 03, 2019 at 04:17 PM
-- Server version: 5.7.27-0ubuntu0.18.04.1
-- PHP Version: 7.2.19-1+ubuntu18.04.1+deb.sury.org+1

SET SQL_MODE = "NO_AUTO_VALUE_ON_ZERO";
SET time_zone = "+00:00";


/*!40101 SET @OLD_CHARACTER_SET_CLIENT=@@CHARACTER_SET_CLIENT */;
/*!40101 SET @OLD_CHARACTER_SET_RESULTS=@@CHARACTER_SET_RESULTS */;
/*!40101 SET @OLD_COLLATION_CONNECTION=@@COLLATION_CONNECTION */;
/*!40101 SET NAMES utf8mb4 */;

--
-- Database: `cias2`
--

-- --------------------------------------------------------

--
-- Table structure for table `ci_sessions`
--

CREATE TABLE `ci_sessions` (
  `id` varchar(40) NOT NULL,
  `ip_address` varchar(45) NOT NULL,
  `timestamp` int(10) UNSIGNED NOT NULL DEFAULT '0',
  `data` blob NOT NULL
) ENGINE=InnoDB DEFAULT CHARSET=latin1;

--
-- Dumping data for table `ci_sessions`
--

INSERT INTO `ci_sessions` (`id`, `ip_address`, `timestamp`, `data`) VALUES
('kbe183v804sr6ecngd2qefs40np39hps', '::1', 1570099847, 0x5f5f63695f6c6173745f726567656e65726174657c693a313537303039393834373b7573657249647c733a313a2231223b726f6c657c733a313a2231223b726f6c65546578747c733a353a2241646d696e223b6e616d657c733a353a2261646d696e223b6c6173744c6f67696e7c733a31393a22323031392d31302d30332031333a33393a3139223b7374617475737c733a313a2231223b69734c6f67676564496e7c623a313b),
('bgmrpg4md7r145p8nm6f3kq05s398lum', '::1', 1570100319, 0x5f5f63695f6c6173745f726567656e65726174657c693a313537303130303331393b7573657249647c733a313a2231223b726f6c657c733a313a2231223b726f6c65546578747c733a353a2241646d696e223b6e616d657c733a353a2261646d696e223b6c6173744c6f67696e7c733a31393a22323031392d31302d30332031333a35303a3437223b7374617475737c733a313a2231223b69734c6f67676564496e7c623a313b),
('gi9ulrro7ogjicagdae86l02nr77b9nl', '127.0.0.1', 1570107884, 0x5f5f63695f6c6173745f726567656e65726174657c693a313537303130373838343b7573657249647c733a313a2232223b726f6c657c733a313a2233223b726f6c65546578747c733a383a22456d706c6f796565223b6e616d657c733a333a22616c69223b6c6173744c6f67696e7c733a31393a22323031392d31302d30332031333a30323a3134223b7374617475737c733a313a2231223b69734c6f67676564496e7c623a313b),
('qtits1vpkmsg5ob6euq966keiku3kbgn', '::1', 1570100654, 0x5f5f63695f6c6173745f726567656e65726174657c693a313537303130303635343b7573657249647c733a313a2231223b726f6c657c733a313a2231223b726f6c65546578747c733a353a2241646d696e223b6e616d657c733a353a2261646d696e223b6c6173744c6f67696e7c733a31393a22323031392d31302d30332031333a35303a3437223b7374617475737c733a313a2231223b69734c6f67676564496e7c623a313b6c616e677c733a373a22656e676c697368223b),
('g1l4mik1okakhb74r2bknkio576654jo', '::1', 1570101054, 0x5f5f63695f6c6173745f726567656e65726174657c693a313537303130313035343b7573657249647c733a313a2231223b726f6c657c733a313a2231223b726f6c65546578747c733a353a2241646d696e223b6e616d657c733a353a2261646d696e223b6c6173744c6f67696e7c733a31393a22323031392d31302d30332031333a35303a3437223b7374617475737c733a313a2231223b69734c6f67676564496e7c623a313b6c616e677c733a373a22656e676c697368223b),
('e742uqd22uata096cf90qq8ipoj48rui', '::1', 1570101871, 0x5f5f63695f6c6173745f726567656e65726174657c693a313537303130313837313b7573657249647c733a313a2231223b726f6c657c733a313a2231223b726f6c65546578747c733a353a2241646d696e223b6e616d657c733a353a2261646d696e223b6c6173744c6f67696e7c733a31393a22323031392d31302d30332031343a31343a3538223b7374617475737c733a313a2231223b69734c6f67676564496e7c623a313b),
('s2emq7h3qqfu6qvms3ddsvklkk10f1bt', '::1', 1570105055, 0x5f5f63695f6c6173745f726567656e65726174657c693a313537303130353035353b7573657249647c733a313a2231223b726f6c657c733a313a2231223b726f6c65546578747c733a353a2241646d696e223b6e616d657c733a353a2261646d696e223b6c6173744c6f67696e7c733a31393a22323031392d31302d30332031343a31343a3538223b7374617475737c733a313a2231223b69734c6f67676564496e7c623a313b),
('99teopgd595mqtsguhljptr78v09efuk', '::1', 1570106191, 0x5f5f63695f6c6173745f726567656e65726174657c693a313537303130363139313b7573657249647c733a313a2231223b726f6c657c733a313a2231223b726f6c65546578747c733a353a2241646d696e223b6e616d657c733a353a2261646d696e223b6c6173744c6f67696e7c733a31393a22323031392d31302d30332031343a31353a3038223b7374617475737c733a313a2231223b69734c6f67676564496e7c623a313b),
('jarv6hota7siotbs90k8639uamnjgojm', '::1', 1570106449, 0x5f5f63695f6c6173745f726567656e65726174657c693a313537303130363434393b7573657249647c733a313a2231223b726f6c657c733a313a2231223b726f6c65546578747c733a353a2241646d696e223b6e616d657c733a353a2261646d696e223b6c6173744c6f67696e7c733a31393a22323031392d31302d30332031343a31353a3038223b7374617475737c733a313a2231223b69734c6f67676564496e7c623a313b),
('955fq1gan0519sc9nnj915pf4c04gpbg', '::1', 1570106483, 0x5f5f63695f6c6173745f726567656e65726174657c693a313537303130363438333b7573657249647c733a313a2231223b726f6c657c733a313a2231223b726f6c65546578747c733a353a2241646d696e223b6e616d657c733a353a2261646d696e223b6c6173744c6f67696e7c733a31393a22323031392d31302d30332031343a31353a3038223b7374617475737c733a313a2231223b69734c6f67676564496e7c623a313b),
('85cfiisvtm9m1euvliffsncs0d87jiac', '::1', 1570106871, 0x5f5f63695f6c6173745f726567656e65726174657c693a313537303130363837313b7573657249647c733a313a2231223b726f6c657c733a313a2231223b726f6c65546578747c733a353a2241646d696e223b6e616d657c733a353a2261646d696e223b6c6173744c6f67696e7c733a31393a22323031392d31302d30332031343a31353a3038223b7374617475737c733a313a2231223b69734c6f67676564496e7c623a313b),
('nlp6h6fqpjdajigpdt6bhf32sfqfe6kl', '::1', 1570107235, 0x5f5f63695f6c6173745f726567656e65726174657c693a313537303130373233353b7573657249647c733a313a2231223b726f6c657c733a313a2231223b726f6c65546578747c733a353a2241646d696e223b6e616d657c733a353a2261646d696e223b6c6173744c6f67696e7c733a31393a22323031392d31302d30332031343a31353a3038223b7374617475737c733a313a2231223b69734c6f67676564496e7c623a313b),
('vuaodm2edsl88mjcv8mu6auv8f4ppu3v', '::1', 1570107629, 0x5f5f63695f6c6173745f726567656e65726174657c693a313537303130373632393b7573657249647c733a313a2231223b726f6c657c733a313a2231223b726f6c65546578747c733a353a2241646d696e223b6e616d657c733a353a2261646d696e223b6c6173744c6f67696e7c733a31393a22323031392d31302d30332031343a31353a3038223b7374617475737c733a313a2231223b69734c6f67676564496e7c623a313b),
('l2hv9g6i0al0v61nr466vi7bpa6ngc91', '::1', 1570107953, 0x5f5f63695f6c6173745f726567656e65726174657c693a313537303130373935333b7573657249647c733a313a2231223b726f6c657c733a313a2231223b726f6c65546578747c733a353a2241646d696e223b6e616d657c733a353a2261646d696e223b6c6173744c6f67696e7c733a31393a22323031392d31302d30332031343a31353a3038223b7374617475737c733a313a2231223b69734c6f67676564496e7c623a313b),
('bdspqeniga5nvdul4vmc2jspkqajpvjc', '127.0.0.1', 1570114529, 0x5f5f63695f6c6173745f726567656e65726174657c693a313537303131343532393b),
('no0309ibg47m0886a98hgcfsrel2s5d1', '::1', 1570108443, 0x5f5f63695f6c6173745f726567656e65726174657c693a313537303130383434333b7573657249647c733a313a2231223b726f6c657c733a313a2231223b726f6c65546578747c733a353a2241646d696e223b6e616d657c733a353a2261646d696e223b6c6173744c6f67696e7c733a31393a22323031392d31302d30332031343a31353a3038223b7374617475737c733a313a2231223b69734c6f67676564496e7c623a313b),
('740sts1d2472k2g785cgb1qlkgtuftvb', '::1', 1570108815, 0x5f5f63695f6c6173745f726567656e65726174657c693a313537303130383831353b7573657249647c733a313a2231223b726f6c657c733a313a2231223b726f6c65546578747c733a353a2241646d696e223b6e616d657c733a353a2261646d696e223b6c6173744c6f67696e7c733a31393a22323031392d31302d30332031343a31353a3038223b7374617475737c733a313a2231223b69734c6f67676564496e7c623a313b),
('8ehpcdm31n5pak4ghqg4c9bnlluggf0d', '::1', 1570109361, 0x5f5f63695f6c6173745f726567656e65726174657c693a313537303130393336313b7573657249647c733a313a2231223b726f6c657c733a313a2231223b726f6c65546578747c733a353a2241646d696e223b6e616d657c733a353a2261646d696e223b6c6173744c6f67696e7c733a31393a22323031392d31302d30332031343a31353a3038223b7374617475737c733a313a2231223b69734c6f67676564496e7c623a313b),
('691jfap935hgu9ab5jscksdrkma44004', '::1', 1570109689, 0x5f5f63695f6c6173745f726567656e65726174657c693a313537303130393638393b7573657249647c733a313a2231223b726f6c657c733a313a2231223b726f6c65546578747c733a353a2241646d696e223b6e616d657c733a353a2261646d696e223b6c6173744c6f67696e7c733a31393a22323031392d31302d30332031343a31353a3038223b7374617475737c733a313a2231223b69734c6f67676564496e7c623a313b),
('lamuaptch6coke0b0fei0lra5pti1us3', '::1', 1570109996, 0x5f5f63695f6c6173745f726567656e65726174657c693a313537303130393939363b7573657249647c733a313a2231223b726f6c657c733a313a2231223b726f6c65546578747c733a353a2241646d696e223b6e616d657c733a353a2261646d696e223b6c6173744c6f67696e7c733a31393a22323031392d31302d30332031343a31353a3038223b7374617475737c733a313a2231223b69734c6f67676564496e7c623a313b),
('o5se3glne1uaojtpchmhsuc1qm6pq792', '::1', 1570110329, 0x5f5f63695f6c6173745f726567656e65726174657c693a313537303131303332393b7573657249647c733a313a2231223b726f6c657c733a313a2231223b726f6c65546578747c733a353a2241646d696e223b6e616d657c733a353a2261646d696e223b6c6173744c6f67696e7c733a31393a22323031392d31302d30332031343a31353a3038223b7374617475737c733a313a2231223b69734c6f67676564496e7c623a313b),
('l7s86fueanodqhafosutu66njac2ohq8', '::1', 1570110492, 0x5f5f63695f6c6173745f726567656e65726174657c693a313537303131303332393b7573657249647c733a313a2231223b726f6c657c733a313a2231223b726f6c65546578747c733a353a2241646d696e223b6e616d657c733a353a2261646d696e223b6c6173744c6f67696e7c733a31393a22323031392d31302d30332031343a31353a3038223b7374617475737c733a313a2231223b69734c6f67676564496e7c623a313b),
('fe0tafjbaa2oie2lk2bgs8p3m575elge', '::1', 1570110937, 0x5f5f63695f6c6173745f726567656e65726174657c693a313537303131303933373b7573657249647c733a313a2231223b726f6c657c733a313a2231223b726f6c65546578747c733a353a2241646d696e223b6e616d657c733a353a2261646d696e223b6c6173744c6f67696e7c733a31393a22323031392d31302d30332031353a32393a3032223b7374617475737c733a313a2231223b69734c6f67676564496e7c623a313b),
('qrajcl9tkk3k75c9u471mk17gqnu68j3', '::1', 1570111440, 0x5f5f63695f6c6173745f726567656e65726174657c693a313537303131313434303b7573657249647c733a313a2231223b726f6c657c733a313a2231223b726f6c65546578747c733a353a2241646d696e223b6e616d657c733a353a2261646d696e223b6c6173744c6f67696e7c733a31393a22323031392d31302d30332031353a32393a3032223b7374617475737c733a313a2231223b69734c6f67676564496e7c623a313b),
('1fpi5smoicmfjd94lt8tvvd7hje3tnb7', '::1', 1570111754, 0x5f5f63695f6c6173745f726567656e65726174657c693a313537303131313735343b7573657249647c733a313a2231223b726f6c657c733a313a2231223b726f6c65546578747c733a353a2241646d696e223b6e616d657c733a353a2261646d696e223b6c6173744c6f67696e7c733a31393a22323031392d31302d30332031353a32393a3032223b7374617475737c733a313a2231223b69734c6f67676564496e7c623a313b),
('0hh0mqomuvp8n2sqelq3tolmhi3eil74', '::1', 1570112075, 0x5f5f63695f6c6173745f726567656e65726174657c693a313537303131323037353b7573657249647c733a313a2231223b726f6c657c733a313a2231223b726f6c65546578747c733a353a2241646d696e223b6e616d657c733a353a2261646d696e223b6c6173744c6f67696e7c733a31393a22323031392d31302d30332031353a32393a3032223b7374617475737c733a313a2231223b69734c6f67676564496e7c623a313b),
('e21k9p3eubes2ei73paijv6jcn247dt2', '::1', 1570112394, 0x5f5f63695f6c6173745f726567656e65726174657c693a313537303131323339343b7573657249647c733a313a2231223b726f6c657c733a313a2231223b726f6c65546578747c733a353a2241646d696e223b6e616d657c733a353a2261646d696e223b6c6173744c6f67696e7c733a31393a22323031392d31302d30332031353a32393a3032223b7374617475737c733a313a2231223b69734c6f67676564496e7c623a313b),
('8495khdjhmrken7c209k5bujbftod9ns', '::1', 1570112697, 0x5f5f63695f6c6173745f726567656e65726174657c693a313537303131323639373b7573657249647c733a313a2231223b726f6c657c733a313a2231223b726f6c65546578747c733a353a2241646d696e223b6e616d657c733a353a2261646d696e223b6c6173744c6f67696e7c733a31393a22323031392d31302d30332031353a32393a3032223b7374617475737c733a313a2231223b69734c6f67676564496e7c623a313b),
('6ng03mup0flv91ug9s05tj4ql8hivbn5', '::1', 1570113033, 0x5f5f63695f6c6173745f726567656e65726174657c693a313537303131333033333b7573657249647c733a313a2231223b726f6c657c733a313a2231223b726f6c65546578747c733a353a2241646d696e223b6e616d657c733a353a2261646d696e223b6c6173744c6f67696e7c733a31393a22323031392d31302d30332031353a32393a3032223b7374617475737c733a313a2231223b69734c6f67676564496e7c623a313b),
('nr6rcnmmi6eml9b6ip5c0takvo0tq8rv', '::1', 1570113336, 0x5f5f63695f6c6173745f726567656e65726174657c693a313537303131333333363b7573657249647c733a313a2231223b726f6c657c733a313a2231223b726f6c65546578747c733a353a2241646d696e223b6e616d657c733a353a2261646d696e223b6c6173744c6f67696e7c733a31393a22323031392d31302d30332031353a32393a3032223b7374617475737c733a313a2231223b69734c6f67676564496e7c623a313b),
('3o6tot3612ph7v8prl7ljqbbdetf3mnl', '::1', 1570113667, 0x5f5f63695f6c6173745f726567656e65726174657c693a313537303131333636373b7573657249647c733a313a2231223b726f6c657c733a313a2231223b726f6c65546578747c733a353a2241646d696e223b6e616d657c733a353a2261646d696e223b6c6173744c6f67696e7c733a31393a22323031392d31302d30332031353a32393a3032223b7374617475737c733a313a2231223b69734c6f67676564496e7c623a313b),
('s65khfis8k0l54778trisa6akm8h7boi', '::1', 1570113978, 0x5f5f63695f6c6173745f726567656e65726174657c693a313537303131333937383b7573657249647c733a313a2231223b726f6c657c733a313a2231223b726f6c65546578747c733a353a2241646d696e223b6e616d657c733a353a2261646d696e223b6c6173744c6f67696e7c733a31393a22323031392d31302d30332031353a32393a3032223b7374617475737c733a313a2231223b69734c6f67676564496e7c623a313b),
('f358s0hdmr0sjq1rbdmfo0ko6trp3cf9', '::1', 1570114468, 0x5f5f63695f6c6173745f726567656e65726174657c693a313537303131343436383b7573657249647c733a313a2231223b726f6c657c733a313a2231223b726f6c65546578747c733a353a2241646d696e223b6e616d657c733a353a2261646d696e223b6c6173744c6f67696e7c733a31393a22323031392d31302d30332031353a32393a3032223b7374617475737c733a313a2231223b69734c6f67676564496e7c623a313b),
('c6doob6cv8bhe4c6qgdf988fc738f0jp', '::1', 1570114777, 0x5f5f63695f6c6173745f726567656e65726174657c693a313537303131343737373b7573657249647c733a313a2231223b726f6c657c733a313a2231223b726f6c65546578747c733a353a2241646d696e223b6e616d657c733a353a2261646d696e223b6c6173744c6f67696e7c733a31393a22323031392d31302d30332031353a32393a3032223b7374617475737c733a313a2231223b69734c6f67676564496e7c623a313b),
('otb1mshmrncdl6sag6d6f51mnk28cjk4', '127.0.0.1', 1570115766, 0x5f5f63695f6c6173745f726567656e65726174657c693a313537303131353736363b7573657249647c733a323a223130223b726f6c657c733a313a2232223b726f6c65546578747c733a373a224d616e61676572223b6e616d657c733a343a2252616d69223b6c6173744c6f67696e7c733a31393a22323031392d31302d30332031373a35393a3335223b7374617475737c733a313a2231223b69734c6f67676564496e7c623a313b),
('cqehvcl4fhicoec1ihcgu89nls2e8i10', '::1', 1570115820, 0x5f5f63695f6c6173745f726567656e65726174657c693a313537303131353832303b7573657249647c733a313a2231223b726f6c657c733a313a2231223b726f6c65546578747c733a353a2241646d696e223b6e616d657c733a353a2261646d696e223b6c6173744c6f67696e7c733a31393a22323031392d31302d30332031353a32393a3032223b7374617475737c733a313a2231223b69734c6f67676564496e7c623a313b),
('4fqe52vfm0snq8a9bds76qs3t7dfksna', '127.0.0.1', 1570115766, 0x5f5f63695f6c6173745f726567656e65726174657c693a313537303131353736363b7573657249647c733a323a223130223b726f6c657c733a313a2232223b726f6c65546578747c733a373a224d616e61676572223b6e616d657c733a343a2252616d69223b6c6173744c6f67696e7c733a31393a22323031392d31302d30332031373a35393a3335223b7374617475737c733a313a2231223b69734c6f67676564496e7c623a313b),
('nbsi72ulhr3ihe0lli4ccg1jsn4baomb', '::1', 1570115821, 0x5f5f63695f6c6173745f726567656e65726174657c693a313537303131353832303b7573657249647c733a313a2231223b726f6c657c733a313a2231223b726f6c65546578747c733a353a2241646d696e223b6e616d657c733a353a2261646d696e223b6c6173744c6f67696e7c733a31393a22323031392d31302d30332031353a32393a3032223b7374617475737c733a313a2231223b69734c6f67676564496e7c623a313b);

-- --------------------------------------------------------

--
-- Table structure for table `tbl_log`
--

CREATE TABLE `tbl_log` (
  `id` bigint(20) NOT NULL,
  `userId` bigint(20) NOT NULL,
  `userName` varchar(128) NOT NULL,
  `process` varchar(1024) NOT NULL,
  `processFunction` varchar(1024) NOT NULL,
  `userRoleId` bigint(20) NOT NULL,
  `userRoleText` varchar(128) NOT NULL,
  `userIp` varchar(1024) NOT NULL,
  `userAgent` varchar(128) NOT NULL,
  `agentString` varchar(1024) NOT NULL,
  `platform` varchar(128) NOT NULL,
  `createdDtm` datetime NOT NULL DEFAULT CURRENT_TIMESTAMP,
  `logge_in` int(11) NOT NULL
) ENGINE=InnoDB DEFAULT CHARSET=utf8;

--
-- Dumping data for table `tbl_log`
--

INSERT INTO `tbl_log` (`id`, `userId`, `userName`, `process`, `processFunction`, `userRoleId`, `userRoleText`, `userIp`, `userAgent`, `agentString`, `platform`, `createdDtm`, `logge_in`) VALUES
(1, 9, 'Samer', 'logout', 'BaseController/logout', 1, 'Admin', '127.0.0.1', 'Firefox 69.0', 'Mozilla/5.0 (X11; Ubuntu; Linux x86_64; rv:69.0) Gecko/20100101 Firefox/69.0', 'Linux', '2019-10-02 12:22:09', 0),
(2, 3, 'maher', 'Login', 'Login/loginMe', 3, 'Employee', '127.0.0.1', 'Firefox 69.0', 'Mozilla/5.0 (X11; Ubuntu; Linux x86_64; rv:69.0) Gecko/20100101 Firefox/69.0', 'Linux', '2019-10-01 12:22:13', 0),
(3, 1, 'admin', 'logout', 'BaseController/logout', 1, 'Admin', '::1', 'Chrome 75.0.3770.100', 'Mozilla/5.0 (X11; Linux x86_64) AppleWebKit/537.36 (KHTML, like Gecko) Chrome/75.0.3770.100 Safari/537.36', 'Linux', '2019-10-01 12:31:28', 0),
(4, 1, 'admin', 'Login', '', 1, 'Admin', '', '', '', '', '2019-09-01 12:33:57', 0),
(5, 3, 'maher', 'logout', '', 3, 'Employee', '', '', '', '', '2019-10-02 12:38:58', 0),
(6, 3, 'maher', 'Login', '', 3, 'Employee', '', '', '', '', '2019-10-03 12:39:13', 0),
(7, 3, 'maher', 'logout', '', 3, 'Employee', '', '', '', '', '2019-10-03 13:01:15', 0),
(8, 2, 'ali', 'Login', '', 2, 'Manager', '', '', '', '', '2019-10-02 13:01:45', 0),
(9, 2, 'ali', 'logout', '', 2, 'Manager', '', '', '', '', '2019-10-03 13:02:14', 0),
(10, 3, 'maher', 'Login', '', 3, 'Employee', '', '', '', '', '2019-10-03 13:02:19', 0),
(11, 3, 'maher', 'logout', '', 3, 'Employee', '', '', '', '', '2019-10-03 13:19:04', 0),
(12, 9, 'Samer', 'Login', '', 3, 'Employee', '', '', '', '', '2019-10-03 13:19:08', 0),
(13, 1, 'admin', 'logout', '', 1, 'Admin', '', '', '', '', '2019-10-07 13:39:15', 0),
(14, 1, 'admin', 'Login', '', 1, 'Admin', '', '', '', '', '2019-10-09 13:39:19', 0),
(15, 9, 'Samer', 'logout', '', 3, 'Employee', '', '', '', '', '2019-10-03 13:40:04', 0),
(16, 9, 'Samer', 'Login', '', 3, 'Employee', '', '', '', '', '2019-10-03 13:40:08', 0),
(17, 1, 'admin', 'Login', '', 1, 'Admin', '', '', '', '', '2019-10-03 13:44:16', 0),
(18, 3, 'maher', 'Login', '', 3, 'Employee', '', '', '', '', '2019-10-03 13:46:52', 0),
(19, 3, 'maher', 'logout', '', 3, 'Employee', '', '', '', '', '2019-10-03 13:47:24', 0),
(20, 3, 'maher', 'Login', '', 3, 'Employee', '', '', '', '', '2019-10-03 13:47:42', 0),
(21, 1, 'admin', 'logout', '', 1, 'Admin', '', '', '', '', '2019-10-03 13:50:47', 0),
(22, 3, 'maher', 'logout', '', 3, 'Employee', '', '', '', '', '2019-10-03 13:50:50', 0),
(23, 1, 'admin', 'Login', '', 1, 'Admin', '', '', '', '', '2019-10-03 13:51:12', 0),
(24, 2, 'ali', 'Login', '', 3, 'Employee', '', '', '', '', '2019-10-03 13:51:19', 0),
(25, 1, 'admin', 'Login', '', 1, 'Admin', '', '', '', '', '2019-10-03 14:14:58', 0),
(26, 1, 'admin', 'Login', '', 1, 'Admin', '', '', '', '', '2019-10-03 14:15:08', 0),
(27, 1, 'admin', 'Login', '', 1, 'Admin', '', '', '', '', '2019-10-03 15:29:02', 0),
(28, 2, 'ali', 'logout', '', 3, 'Employee', '', '', '', '', '2019-10-02 16:04:48', 0),
(29, 1, 'admin', 'Login', '', 1, 'Admin', '', '', '', '', '2019-10-03 16:50:36', 0),
(30, 2, 'ali', 'Login', '', 3, 'Employee', '', '', '', '', '2019-10-03 17:55:33', 0),
(31, 2, 'ali', 'logout', '', 3, 'Employee', '', '', '', '', '2019-10-03 17:55:57', 0),
(32, 2, 'ali', 'Login', '', 3, 'Employee', '', '', '', '', '2019-10-03 17:56:36', 0),
(33, 2, 'ali', 'logout', '', 3, 'Employee', '', '', '', '', '2019-10-03 17:56:52', 0),
(34, 10, 'Rami', 'Login', '', 2, 'Manager', '', '', '', '', '2019-10-03 17:59:13', 0),
(35, 10, 'Rami', 'logout', '', 2, 'Manager', '', '', '', '', '2019-10-03 17:59:35', 0),
(36, 10, 'Rami', 'Login', '', 2, 'Manager', '', '', '', '', '2019-10-03 18:00:48', 0);

-- --------------------------------------------------------

--
-- Table structure for table `tbl_log_backup`
--

CREATE TABLE `tbl_log_backup` (
  `id` bigint(20) NOT NULL,
  `userId` bigint(20) NOT NULL,
  `userName` varchar(128) NOT NULL,
  `process` varchar(1024) NOT NULL,
  `processFunction` varchar(1024) NOT NULL,
  `userRoleId` bigint(20) NOT NULL,
  `userRoleText` varchar(128) NOT NULL,
  `userIp` varchar(1024) NOT NULL,
  `userAgent` varchar(128) NOT NULL,
  `agentString` varchar(1024) NOT NULL,
  `platform` varchar(128) NOT NULL,
  `createdDtm` datetime NOT NULL DEFAULT CURRENT_TIMESTAMP
) ENGINE=InnoDB DEFAULT CHARSET=utf8;

-- --------------------------------------------------------

--
-- Table structure for table `tbl_reset_password`
--

CREATE TABLE `tbl_reset_password` (
  `id` bigint(20) NOT NULL,
  `email` varchar(128) NOT NULL,
  `activation_id` varchar(32) NOT NULL,
  `agent` varchar(512) NOT NULL,
  `client_ip` varchar(32) NOT NULL,
  `isDeleted` tinyint(4) NOT NULL DEFAULT '0',
  `createdBy` bigint(20) NOT NULL DEFAULT '1',
  `createdDtm` datetime NOT NULL,
  `updatedBy` bigint(20) DEFAULT NULL,
  `updatedDtm` datetime DEFAULT NULL
) ENGINE=InnoDB DEFAULT CHARSET=latin1;

-- --------------------------------------------------------

--
-- Table structure for table `tbl_roles`
--

CREATE TABLE `tbl_roles` (
  `roleId` tinyint(4) NOT NULL COMMENT 'role id',
  `role` varchar(50) NOT NULL COMMENT 'role text'
) ENGINE=MyISAM DEFAULT CHARSET=utf8;

--
-- Dumping data for table `tbl_roles`
--

INSERT INTO `tbl_roles` (`roleId`, `role`) VALUES
(1, 'Admin'),
(2, 'Manager'),
(3, 'Employee');

-- --------------------------------------------------------

--
-- Table structure for table `tbl_task`
--

CREATE TABLE `tbl_task` (
  `id` bigint(20) NOT NULL,
  `title` varchar(1024) NOT NULL,
  `comment` varchar(2048) NOT NULL,
  `statusId` int(11) NOT NULL,
  `priorityId` int(11) NOT NULL,
  `permalink` varchar(1024) NOT NULL,
  `createdBy` bigint(20) NOT NULL,
  `endDtm` datetime DEFAULT NULL,
  `createdDtm` datetime NOT NULL DEFAULT CURRENT_TIMESTAMP
) ENGINE=InnoDB DEFAULT CHARSET=utf8;

--
-- Dumping data for table `tbl_task`
--

INSERT INTO `tbl_task` (`id`, `title`, `comment`, `statusId`, `priorityId`, `permalink`, `createdBy`, `endDtm`, `createdDtm`) VALUES
(2, 'test', '                                                                                                das dasd asdas das                                                                                         ', 2, 1, 'test', 1, '2019-10-03 11:19:27', '2019-10-02 16:25:07'),
(3, 'sada', '                                                                                    dasdas', 2, 2, 'sada', 1, '2019-10-03 10:07:46', '2019-10-03 10:01:15'),
(4, 'dasd', '                                                                                    dasdasd', 2, 2, 'dasd', 1, '2019-10-03 10:04:28', '2019-10-03 10:01:24'),
(5, 'test', '                                                                                    dasdasd', 2, 1, 'test', 9, '2019-10-03 11:19:22', '2019-10-03 10:21:59'),
(6, 'new', '                                                                                    new', 2, 3, 'new', 1, '2019-10-03 11:21:20', '2019-10-03 11:21:16'),
(7, 'gdfgdfgqgdfg', '                                                                                    gdfgdfg', 1, 1, 'gdfgdfgqgdfg', 10, NULL, '2019-10-03 16:01:14');

-- --------------------------------------------------------

--
-- Table structure for table `tbl_tasks_prioritys`
--

CREATE TABLE `tbl_tasks_prioritys` (
  `priorityId` bigint(20) NOT NULL,
  `priority` varchar(50) NOT NULL
) ENGINE=MyISAM DEFAULT CHARSET=utf8;

--
-- Dumping data for table `tbl_tasks_prioritys`
--

INSERT INTO `tbl_tasks_prioritys` (`priorityId`, `priority`) VALUES
(1, 'Urgent'),
(2, 'Middle'),
(3, 'Normal');

-- --------------------------------------------------------

--
-- Table structure for table `tbl_tasks_situations`
--

CREATE TABLE `tbl_tasks_situations` (
  `statusId` bigint(20) NOT NULL,
  `status` varchar(50) NOT NULL
) ENGINE=MyISAM DEFAULT CHARSET=utf8;

--
-- Dumping data for table `tbl_tasks_situations`
--

INSERT INTO `tbl_tasks_situations` (`statusId`, `status`) VALUES
(1, 'opened'),
(2, 'finished');

-- --------------------------------------------------------

--
-- Table structure for table `tbl_users`
--

CREATE TABLE `tbl_users` (
  `userId` int(11) NOT NULL,
  `email` varchar(128) NOT NULL COMMENT 'login email',
  `password` varchar(128) NOT NULL COMMENT 'hashed login password',
  `name` varchar(128) DEFAULT NULL COMMENT 'full name of user',
  `mobile` varchar(20) DEFAULT NULL,
  `roleId` tinyint(4) NOT NULL,
  `isDeleted` tinyint(4) NOT NULL DEFAULT '0',
  `status` tinyint(4) NOT NULL DEFAULT '0',
  `createdBy` int(11) NOT NULL,
  `createdDtm` datetime NOT NULL,
  `updatedBy` int(11) DEFAULT NULL,
  `updatedDtm` datetime DEFAULT NULL
) ENGINE=MyISAM DEFAULT CHARSET=utf8;

--
-- Dumping data for table `tbl_users`
--

INSERT INTO `tbl_users` (`userId`, `email`, `password`, `name`, `mobile`, `roleId`, `isDeleted`, `status`, `createdBy`, `createdDtm`, `updatedBy`, `updatedDtm`) VALUES
(1, 'admin@admin.com', '$2y$10$4EAmFtnu1QZ3LPG32wpU2exPvKWZClf5EzhLIODyXo.T5z1cRMP.6', 'admin', '9890098900', 1, 0, 1, 0, '2015-07-01 18:56:49', 1, '2019-10-02 15:47:59'),
(2, 'ali@das.com', '$2y$10$eQc8IaLG7YuPgxq5vQI7Iu/s67fGxycSSsjp9xevcKMdePmla83P2', 'ali', '9890098900', 3, 0, 1, 1, '2016-12-09 17:49:56', 2, '2019-10-02 14:47:20'),
(3, 'maher@das.com', '$2y$10$AJKbbPQ5oQW3cCJo8CMHZu.bCX.i9yud7VzHP1AQcGOWlqRBkK.f6', 'maher', '9890098900', 3, 0, 1, 1, '2016-12-09 17:50:22', 3, '2019-10-02 14:44:45'),
(9, 'samer@gmail.com', '$2y$10$MiA/zxyHFQD7DuGZtfGji.lWk6KBQqmcYN/U80.DnrZv1sT98nmty', 'Samer', '1312312331', 3, 0, 1, 1, '2019-10-02 15:56:09', 9, '2019-10-02 15:59:11'),
(10, 'rami@das.com', '$2y$10$B8GuPv.zVmcQQAAZ2ukxSu6KpQ2kTyPqYxJWvQErSsuT/Mdo./TJO', 'Rami', '3123123122', 2, 0, 1, 1, '2019-10-03 15:58:47', 10, '2019-10-03 15:59:32');

--
-- Indexes for dumped tables
--

--
-- Indexes for table `ci_sessions`
--
ALTER TABLE `ci_sessions`
  ADD KEY `ci_sessions_timestamp` (`timestamp`);

--
-- Indexes for table `tbl_log`
--
ALTER TABLE `tbl_log`
  ADD PRIMARY KEY (`id`);

--
-- Indexes for table `tbl_log_backup`
--
ALTER TABLE `tbl_log_backup`
  ADD PRIMARY KEY (`id`);

--
-- Indexes for table `tbl_reset_password`
--
ALTER TABLE `tbl_reset_password`
  ADD PRIMARY KEY (`id`);

--
-- Indexes for table `tbl_roles`
--
ALTER TABLE `tbl_roles`
  ADD PRIMARY KEY (`roleId`);

--
-- Indexes for table `tbl_task`
--
ALTER TABLE `tbl_task`
  ADD PRIMARY KEY (`id`);

--
-- Indexes for table `tbl_tasks_prioritys`
--
ALTER TABLE `tbl_tasks_prioritys`
  ADD PRIMARY KEY (`priorityId`);

--
-- Indexes for table `tbl_tasks_situations`
--
ALTER TABLE `tbl_tasks_situations`
  ADD PRIMARY KEY (`statusId`);

--
-- Indexes for table `tbl_users`
--
ALTER TABLE `tbl_users`
  ADD PRIMARY KEY (`userId`);

--
-- AUTO_INCREMENT for dumped tables
--

--
-- AUTO_INCREMENT for table `tbl_log`
--
ALTER TABLE `tbl_log`
  MODIFY `id` bigint(20) NOT NULL AUTO_INCREMENT, AUTO_INCREMENT=37;
--
-- AUTO_INCREMENT for table `tbl_log_backup`
--
ALTER TABLE `tbl_log_backup`
  MODIFY `id` bigint(20) NOT NULL AUTO_INCREMENT;
--
-- AUTO_INCREMENT for table `tbl_reset_password`
--
ALTER TABLE `tbl_reset_password`
  MODIFY `id` bigint(20) NOT NULL AUTO_INCREMENT;
--
-- AUTO_INCREMENT for table `tbl_roles`
--
ALTER TABLE `tbl_roles`
  MODIFY `roleId` tinyint(4) NOT NULL AUTO_INCREMENT COMMENT 'role id', AUTO_INCREMENT=4;
--
-- AUTO_INCREMENT for table `tbl_task`
--
ALTER TABLE `tbl_task`
  MODIFY `id` bigint(20) NOT NULL AUTO_INCREMENT, AUTO_INCREMENT=8;
--
-- AUTO_INCREMENT for table `tbl_tasks_prioritys`
--
ALTER TABLE `tbl_tasks_prioritys`
  MODIFY `priorityId` bigint(20) NOT NULL AUTO_INCREMENT, AUTO_INCREMENT=4;
--
-- AUTO_INCREMENT for table `tbl_tasks_situations`
--
ALTER TABLE `tbl_tasks_situations`
  MODIFY `statusId` bigint(20) NOT NULL AUTO_INCREMENT, AUTO_INCREMENT=3;
--
-- AUTO_INCREMENT for table `tbl_users`
--
ALTER TABLE `tbl_users`
  MODIFY `userId` int(11) NOT NULL AUTO_INCREMENT, AUTO_INCREMENT=11;
/*!40101 SET CHARACTER_SET_CLIENT=@OLD_CHARACTER_SET_CLIENT */;
/*!40101 SET CHARACTER_SET_RESULTS=@OLD_CHARACTER_SET_RESULTS */;
/*!40101 SET COLLATION_CONNECTION=@OLD_COLLATION_CONNECTION */;
